id,name,tmdb,year
29,The Neighbourhood,2018
125,The Big Theory,/tv/59655,
132,Star Trek Pridogy,unavailable,
165,Paranormal,/tv/8884,
171,Locked Up (Vis a vis),unavailable,
180,Pam and Tommy,unavailable,
192,Astrid And Lilly Save The World,unavailable,
239,We Crashed,2022
241,Life and Beth,2022
263,Fear The Walking Dead: Dead In The Water,unavailable,
318,Love, Death & Robots,2019
411,Invicible,2021
478,I Am Groot,/tv/210993, 2022
486,Dota: Dragonâ€™s Blood,unavailable,
514,American House Wife,unavailable,
572,The Rising of the Shield Hero(Tate no Y?sha no Nariagari),unavailable,
608,Narco Saints ( The Accidental Narco ),unavailable,
610,The Handmaidï¿½s Tale,unavailable,
641,Dahmer ï¿½ Monster: The Jeffrey Dahmer Story,unavailable,
657,?ahsiyet,unavailable,
664,Sh?wa Genroku Rakugo Shinj?,unavailable,
693,The Rising of the Shield Hero(Tate no Y?sha no Nariagari),unavailable,
,,unavailable,
